"","baseMean","log2FoldChange","lfcSE","stat","pvalue","padj","chrom","strand","left","right","symbol","name","location"
"ENSG00000069812",94.381,0.398,0.072,5.511,0,0,"1","-",6472477,6484730,"HES2","hes family bHLH transcription factor 2 [Source:HGNC Symbol;Acc:HGNC:16005]","1:6472477-6484730"
"ENSG00000116285",1130.378,0.281,0.074,3.808,0,0.01,"1","-",8064463,8086343,"ERRFI1","ERBB receptor feedback inhibitor 1 [Source:HGNC Symbol;Acc:HGNC:18185]","1:8064463-8086343"
"ENSG00000171621",262.311,0.209,0.053,3.957,0,0.006,"1","+",9352938,9429591,"SPSB1","splA/ryanodine receptor domain and SOCS box containing 1 [Source:HGNC Symbol;Acc:HGNC:30628]","1:9352938-9429591"
"ENSG00000130939",1009.448,-0.148,0.045,-3.306,0.001,0.049,"1","+",10092889,10240425,"UBE4B","ubiquitination factor E4B [Source:HGNC Symbol;Acc:HGNC:12500]","1:10092889-10240425"
"ENSG00000117298",928.563,0.204,0.055,3.723,0,0.013,"1","-",21543739,21671997,"ECE1","endothelin converting enzyme 1 [Source:HGNC Symbol;Acc:HGNC:3146]","1:21543739-21671997"
"ENSG00000204178",439.992,0.239,0.045,5.372,0,0,"1","+",25757387,25826700,"TMEM57","transmembrane protein 57 [Source:HGNC Symbol;Acc:HGNC:25572]","1:25757387-25826700"
"ENSG00000157978",367.597,0.172,0.046,3.769,0,0.011,"1","+",25870070,25895377,"LDLRAP1","low density lipoprotein receptor adaptor protein 1 [Source:HGNC Symbol;Acc:HGNC:18640]","1:25870070-25895377"
"ENSG00000158246",140.463,0.256,0.072,3.581,0,0.021,"1","-",27331510,27339327,"FAM46B","family with sequence similarity 46 member B [Source:HGNC Symbol;Acc:HGNC:28273]","1:27331510-27339327"
"ENSG00000163874",282.594,0.493,0.065,7.602,0,0,"1","+",37940152,37949980,"ZC3H12A","zinc finger CCCH-type containing 12A [Source:HGNC Symbol;Acc:HGNC:26259]","1:37940152-37949980"
"ENSG00000163875",708.967,0.301,0.069,4.337,0,0.001,"1","-",37958175,37980364,"MEAF6","MYST/Esa1-associated factor 6 [Source:HGNC Symbol;Acc:HGNC:25674]","1:37958175-37980364"
"ENSG00000163877",358.189,0.226,0.053,4.247,0,0.002,"1","-",38000049,38019903,"SNIP1","Smad nuclear interacting protein 1 [Source:HGNC Symbol;Acc:HGNC:30587]","1:38000049-38019903"
"ENSG00000183386",43.194,0.269,0.077,3.484,0,0.028,"1","-",38462441,38471174,"FHL3","four and a half LIM domains 3 [Source:HGNC Symbol;Acc:HGNC:3704]","1:38462441-38471174"
"ENSG00000117461",1303.365,-0.239,0.058,-4.121,0,0.003,"1","-",46505811,46598314,"PIK3R3","phosphoinositide-3-kinase regulatory subunit 3 [Source:HGNC Symbol;Acc:HGNC:8981]","1:46505811-46598314"
"ENSG00000162407",79.02,0.255,0.071,3.59,0,0.02,"1","-",56960418,57045241,"PLPP3","phospholipid phosphatase 3 [Source:HGNC Symbol;Acc:HGNC:9229]","1:56960418-57045241"
"ENSG00000134709",509.02,0.165,0.049,3.328,0.001,0.046,"1","+",60280457,60301022,"HOOK1","hook microtubule-tethering protein 1 [Source:HGNC Symbol;Acc:HGNC:19884]","1:60280457-60301022"
"ENSG00000137936",261.428,0.223,0.062,3.615,0,0.019,"1","-",94027346,94079654,"BCAR3","breast cancer anti-estrogen resistance 3 [Source:HGNC Symbol;Acc:HGNC:973]","1:94027346-94079654"
"ENSG00000079335",238.539,0.372,0.064,5.826,0,0,"1","+",100810583,100965021,"CDC14A","cell division cycle 14A [Source:HGNC Symbol;Acc:HGNC:1718]","1:100810583-100965021"
"ENSG00000163399",13825.166,0.131,0.039,3.357,0.001,0.042,"1","+",116915289,116930777,"ATP1A1","ATPase, Na+/K+ transporting, alpha 1 polypeptide [Source:HGNC Symbol;Acc:HGNC:799]","1:116915289-116930777"
"ENSG00000203865",1960.805,0.143,0.042,3.376,0.001,0.04,"1","-",116934868,116961244,"ATP1A1-AS1","ATP1A1 antisense RNA 1 [Source:HGNC Symbol;Acc:HGNC:28262]","1:116934868-116961244"
"ENSG00000183508",517.76,0.684,0.072,9.55,0,0,"1","+",118148555,118170994,"FAM46C","family with sequence similarity 46 member C [Source:HGNC Symbol;Acc:HGNC:24712]","1:118148555-118170994"
"ENSG00000134250",5504.049,0.245,0.07,3.512,0,0.026,"1","-",120454175,120612240,"NOTCH2","notch 2 [Source:HGNC Symbol;Acc:HGNC:7882]","1:120454175-120612240"
"ENSG00000162825",1262.163,0.264,0.065,4.065,0,0.004,"1","+",144146807,144160564,"NBPF20","neuroblastoma breakpoint family member 20 [Source:HGNC Symbol;Acc:HGNC:32000]","1:144146807-144160564"
"ENSG00000168614",759.72,0.273,0.046,5.914,0,0,"1","+",144811743,144830301,NA,NA,"1:144811743-144830301"
"ENSG00000163386",1950.24,0.316,0.063,5.036,0,0,"1","+",145289771,145370303,NA,NA,"1:145289771-145370303"
"ENSG00000131779",688.605,0.208,0.052,3.984,0,0.005,"1","+",145516251,145523730,"PEX11B","peroxisomal biogenesis factor 11 beta [Source:HGNC Symbol;Acc:HGNC:8853]","1:145516251-145523730"
"ENSG00000198483",97.153,1.131,0.076,14.974,0,0,"1","+",145549229,145568526,"ANKRD35","ankyrin repeat domain 35 [Source:HGNC Symbol;Acc:HGNC:26323]","1:145549229-145568526"
"ENSG00000131788",2753.092,0.327,0.059,5.566,0,0,"1","+",145575232,145580322,"PIAS3","protein inhibitor of activated STAT 3 [Source:HGNC Symbol;Acc:HGNC:16861]","1:145575232-145580322"
"ENSG00000186364",337.168,0.259,0.058,4.478,0,0.001,"1","-",145586114,145589439,"NUDT17","nudix hydrolase 17 [Source:HGNC Symbol;Acc:HGNC:26618]","1:145586114-145589439"
"ENSG00000232637",341.811,0.2,0.055,3.616,0,0.019,"1","-",146032647,146215986,NA,NA,"1:146032647-146215986"
"ENSG00000186275",1194.345,0.254,0.05,5.064,0,0,"1","+",146373545,146467638,NA,NA,"1:146373545-146467638"
"ENSG00000203836",512.595,0.174,0.048,3.643,0,0.017,"1","-",147574427,147624267,NA,NA,"1:147574427-147624267"
"ENSG00000122497",630.848,0.266,0.052,5.104,0,0,"1","-",148003641,148025848,NA,NA,"1:148003641-148025848"
"ENSG00000203832",1354.208,0.277,0.06,4.586,0,0.001,"1","-",148250248,148347051,NA,NA,"1:148250248-148347051"
"ENSG00000243452",888.6,0.131,0.038,3.419,0.001,0.034,"1","+",148555978,148593723,NA,NA,"1:148555978-148593723"
"ENSG00000203827",543.499,0.204,0.045,4.549,0,0.001,"1","+",148739442,148758311,NA,NA,"1:148739442-148758311"
"ENSG00000143384",7495.725,0.374,0.051,7.281,0,0,"1","-",150547031,150552066,"MCL1","myeloid cell leukemia 1 [Source:HGNC Symbol;Acc:HGNC:6943]","1:150547031-150552066"
"ENSG00000160712",152.808,0.743,0.065,11.37,0,0,"1","+",154377668,154441926,"IL6R","interleukin 6 receptor [Source:HGNC Symbol;Acc:HGNC:6019]","1:154377668-154441926"
"ENSG00000117036",665.807,0.303,0.058,5.237,0,0,"1","-",157090982,157108159,"ETV3","ets variant 3 [Source:HGNC Symbol;Acc:HGNC:3492]","1:157090982-157108159"
"ENSG00000239887",750.977,0.391,0.06,6.481,0,0,"1","+",162336697,162353167,"C1orf226","chromosome 1 open reading frame 226 [Source:HGNC Symbol;Acc:HGNC:34351]","1:162336697-162353167"
"ENSG00000235750",422.065,0.482,0.057,8.41,0,0,"1","-",175126122,175161929,"KIAA0040","KIAA0040 [Source:HGNC Symbol;Acc:HGNC:28950]","1:175126122-175161929"
"ENSG00000143333",35.625,-0.314,0.077,-4.061,0,0.004,"1","-",182567757,182573543,"RGS16","regulator of G-protein signaling 16 [Source:HGNC Symbol;Acc:HGNC:9997]","1:182567757-182573543"
"ENSG00000081277",1536.414,0.287,0.072,3.976,0,0.005,"1","+",201252579,201302121,"PKP1","plakophilin 1 [Source:HGNC Symbol;Acc:HGNC:9023]","1:201252579-201302121"
"ENSG00000143842",862.908,0.183,0.052,3.504,0,0.026,"1","+",204042242,204088987,"SOX13","SRY-box 13 [Source:HGNC Symbol;Acc:HGNC:11192]","1:204042242-204088987"
"ENSG00000163545",68.496,-0.306,0.072,-4.233,0,0.002,"1","-",205271186,205290883,"NUAK2","NUAK family, SNF1-like kinase, 2 [Source:HGNC Symbol;Acc:HGNC:29558]","1:205271186-205290883"
"ENSG00000163486",1290.743,0.185,0.04,4.595,0,0,"1","+",206516199,206637776,NA,NA,"1:206516199-206637776"
"ENSG00000203709",54.77,0.366,0.077,4.754,0,0,"1","-",207974862,208042495,"C1orf132","chromosome 1 open reading frame 132 [Source:HGNC Symbol;Acc:HGNC:32018]","1:207974862-208042495"
"ENSG00000136636",2471.251,0.176,0.04,4.445,0,0.001,"1","+",215740734,215795149,"KCTD3","potassium channel tetramerization domain containing 3 [Source:HGNC Symbol;Acc:HGNC:21305]","1:215740734-215795149"
"ENSG00000143753",492.285,0.188,0.053,3.565,0,0.022,"1","+",224363457,224380055,"DEGS1","delta(4)-desaturase, sphingolipid 1 [Source:HGNC Symbol;Acc:HGNC:13709]","1:224363457-224380055"
"ENSG00000116574",240.548,0.372,0.073,5.122,0,0,"1","+",228870823,228882416,"RHOU","ras homolog family member U [Source:HGNC Symbol;Acc:HGNC:17794]","1:228870823-228882416"
"ENSG00000168118",577.778,0.25,0.045,5.551,0,0,"1","+",229406821,229424629,"RAB4A","RAB4A, member RAS oncogene family [Source:HGNC Symbol;Acc:HGNC:9781]","1:229406821-229424629"
"ENSG00000135750",602.275,0.246,0.044,5.593,0,0,"1","+",233749749,233808258,"KCNK1","potassium channel, two pore domain subfamily K, member 1 [Source:HGNC Symbol;Acc:HGNC:6272]","1:233749749-233808258"
"ENSG00000162975",65.341,-0.372,0.074,-5.023,0,0,"2","+",11052062,11054350,"KCNF1","potassium channel, voltage gated modifier subfamily F, member 1 [Source:HGNC Symbol;Acc:HGNC:6246]","2:11052062-11054350"
"ENSG00000162981",135.871,-0.586,0.069,-8.461,0,0,"2","+",14772809,14780170,"FAM84A","family with sequence similarity 84 member A [Source:HGNC Symbol;Acc:HGNC:20743]","2:14772809-14780170"
"ENSG00000115884",3878.118,0.299,0.042,7.105,0,0,"2","-",20400557,20424873,"SDC1","syndecan 1 [Source:HGNC Symbol;Acc:HGNC:10658]","2:20400557-20424873"
"ENSG00000143878",4069.119,0.17,0.05,3.422,0.001,0.034,"2","+",20646834,20649200,"RHOB","ras homolog family member B [Source:HGNC Symbol;Acc:HGNC:668]","2:20646834-20649200"
"ENSG00000138074",1642.449,0.153,0.038,4.053,0,0.004,"2","-",27422454,27425917,"SLC5A6","solute carrier family 5 (sodium/multivitamin and iodide cotransporter), member 6 [Source:HGNC Symbol;Acc:HGNC:11041]","2:27422454-27425917"
"ENSG00000075426",1766.479,0.309,0.07,4.38,0,0.001,"2","+",28615314,28631669,"FOSL2","FOS-like antigen 2 [Source:HGNC Symbol;Acc:HGNC:3798]","2:28615314-28631669"
"ENSG00000115295",16.803,0.249,0.075,3.344,0.001,0.044,"2","+",29320570,29397579,"CLIP4","CAP-Gly domain containing linker protein family member 4 [Source:HGNC Symbol;Acc:HGNC:26108]","2:29320570-29397579"
"ENSG00000163171",26.533,0.494,0.076,6.49,0,0,"2","-",37869031,37899334,"CDC42EP3","CDC42 effector protein (Rho GTPase binding) 3 [Source:HGNC Symbol;Acc:HGNC:16943]","2:37869031-37899334"
"ENSG00000068724",1006.176,0.226,0.058,3.915,0,0.007,"2","+",47143295,47301187,"TTC7A","tetratricopeptide repeat domain 7A [Source:HGNC Symbol;Acc:HGNC:19750]","2:47143295-47301187"
"ENSG00000143933",5681.059,0.202,0.055,3.642,0,0.017,"2","-",47387220,47403740,"CALM2","calmodulin 2 (phosphorylase kinase, delta) [Source:HGNC Symbol;Acc:HGNC:1445]","2:47387220-47403740"
"ENSG00000198369",1278.233,0.334,0.066,5.092,0,0,"2","-",65537984,65659311,"SPRED2","sprouty-related, EVH1 domain containing 2 [Source:HGNC Symbol;Acc:HGNC:17722]","2:65537984-65659311"
"ENSG00000124383",796.452,0.306,0.044,7.009,0,0,"2","+",71357443,71377231,"MPHOSPH10","M-phase phosphoprotein 10 (U3 small nucleolar ribonucleoprotein) [Source:HGNC Symbol;Acc:HGNC:7213]","2:71357443-71377231"
"ENSG00000172071",544.041,0.171,0.05,3.386,0.001,0.038,"2","-",88856258,88924447,"EIF2AK3","eukaryotic translation initiation factor 2 alpha kinase 3 [Source:HGNC Symbol;Acc:HGNC:3255]","2:88856258-88924447"
"ENSG00000168758",1463.638,-0.203,0.061,-3.338,0.001,0.045,"2","-",97525452,97535708,"SEMA4C","sema domain, immunoglobulin domain (Ig), transmembrane domain (TM) and short cytoplasmic domain, (semaphorin) 4C [Source:HGNC Symbol;Acc:HGNC:10731]","2:97525452-97535708"
"ENSG00000170500",1020.678,-0.194,0.056,-3.452,0.001,0.031,"2","-",100889752,100939195,"LONRF2","LON peptidase N-terminal domain and ring finger 2 [Source:HGNC Symbol;Acc:HGNC:24788]","2:100889752-100939195"
"ENSG00000204634",206.178,0.35,0.065,5.423,0,0,"2","-",101624078,101767715,"TBC1D8","TBC1 domain family member 8 [Source:HGNC Symbol;Acc:HGNC:17791]","2:101624078-101767715"
"ENSG00000115616",1205.974,0.179,0.052,3.405,0.001,0.036,"2","+",103236165,103327777,"SLC9A2","solute carrier family 9, subfamily A (NHE2, cation proton antiporter 2), member 2 [Source:HGNC Symbol;Acc:HGNC:11072]","2:103236165-103327777"
"ENSG00000144136",1362.54,0.331,0.044,7.467,0,0,"2","+",113403433,113421404,"SLC20A1","solute carrier family 20 (phosphate transporter), member 1 [Source:HGNC Symbol;Acc:HGNC:10946]","2:113403433-113421404"
"ENSG00000125637",956.419,0.319,0.046,6.991,0,0,"2","+",113914901,113940621,"PSD4","pleckstrin and Sec7 domain containing 4 [Source:HGNC Symbol;Acc:HGNC:19096]","2:113914901-113940621"
"ENSG00000136002",299.328,0.322,0.064,4.994,0,0,"2","+",131594488,131672058,"ARHGEF4","Rho guanine nucleotide exchange factor 4 [Source:HGNC Symbol;Acc:HGNC:684]","2:131594488-131672058"
"ENSG00000115762",2771.29,0.245,0.039,6.306,0,0,"2","+",131862419,131905370,"PLEKHB2","pleckstrin homology domain containing B2 [Source:HGNC Symbol;Acc:HGNC:19236]","2:131862419-131905370"
"ENSG00000121966",61.534,-0.336,0.075,-4.492,0,0.001,"2","-",136871918,136873813,"CXCR4","chemokine (C-X-C motif) receptor 4 [Source:HGNC Symbol;Acc:HGNC:2561]","2:136871918-136873813"
"ENSG00000187123",397.899,0.279,0.063,4.449,0,0.001,"2","+",150186498,150330137,"LYPD6","LY6/PLAUR domain containing 6 [Source:HGNC Symbol;Acc:HGNC:28751]","2:150186498-150330137"
"ENSG00000144369",188.39,-0.261,0.069,-3.8,0,0.01,"2","+",187558697,187630685,"FAM171B","family with sequence similarity 171 member B [Source:HGNC Symbol;Acc:HGNC:29412]","2:187558697-187630685"
"ENSG00000151690",411.524,0.269,0.05,5.395,0,0,"2","+",191273080,191300882,"MFSD6","major facilitator superfamily domain containing 6 [Source:HGNC Symbol;Acc:HGNC:24711]","2:191273080-191300882"
"ENSG00000030419",153.826,-0.279,0.063,-4.454,0,0.001,"2","-",213864428,214015058,"IKZF2","IKAROS family zinc finger 2 [Source:HGNC Symbol;Acc:HGNC:13177]","2:213864428-214015058"
"ENSG00000079308",33.535,-0.273,0.077,-3.568,0,0.022,"2","-",218664511,218808851,"TNS1","tensin 1 [Source:HGNC Symbol;Acc:HGNC:11973]","2:218664511-218808851"
"ENSG00000127838",2108.543,0.278,0.064,4.324,0,0.001,"2","+",219135114,219137670,"PNKD","paroxysmal nonkinesigenic dyskinesia [Source:HGNC Symbol;Acc:HGNC:9153]","2:219135114-219137670"
"ENSG00000169047",2545.514,-0.294,0.048,-6.173,0,0,"2","-",227596032,227664475,"IRS1","insulin receptor substrate 1 [Source:HGNC Symbol;Acc:HGNC:6125]","2:227596032-227664475"
"ENSG00000115468",1314.276,0.365,0.071,5.166,0,0,"2","+",233470766,233547050,"EFHD1","EF-hand domain family member D1 [Source:HGNC Symbol;Acc:HGNC:29556]","2:233470766-233547050"
"ENSG00000188042",85.991,0.327,0.072,4.561,0,0.001,"2","-",235401684,235405697,"ARL4C","ADP ribosylation factor like GTPase 4C [Source:HGNC Symbol;Acc:HGNC:698]","2:235401684-235405697"
"ENSG00000150995",44.081,-0.283,0.077,-3.67,0,0.015,"3","+",4535031,4889524,"ITPR1","inositol 1,4,5-trisphosphate receptor, type 1 [Source:HGNC Symbol;Acc:HGNC:6180]","3:4535031-4889524"
"ENSG00000134107",311.249,0.227,0.064,3.538,0,0.024,"3","+",5020800,5027008,"BHLHE40","basic helix-loop-helix family member e40 [Source:HGNC Symbol;Acc:HGNC:1046]","3:5020800-5027008"
"ENSG00000071282",54.509,-0.314,0.076,-4.146,0,0.003,"3","+",8543392,8609805,"LMCD1","LIM and cysteine-rich domains 1 [Source:HGNC Symbol;Acc:HGNC:6633]","3:8543392-8609805"
"ENSG00000206560",1353.324,0.153,0.041,3.708,0,0.014,"3","-",15708742,15901278,"ANKRD28","ankyrin repeat domain 28 [Source:HGNC Symbol;Acc:HGNC:29024]","3:15708742-15901278"
"ENSG00000163638",157.224,-0.24,0.067,-3.602,0,0.019,"3","-",64501332,64508187,"ADAMTS9","ADAM metallopeptidase with thrombospondin type 1 motif 9 [Source:HGNC Symbol;Acc:HGNC:13202]","3:64501332-64508187"
"ENSG00000144749",618.169,0.261,0.058,4.506,0,0.001,"3","-",66429220,66551356,"LRIG1","leucine-rich repeats and immunoglobulin-like domains 1 [Source:HGNC Symbol;Acc:HGNC:17360]","3:66429220-66551356"
"ENSG00000168386",91.901,-0.457,0.077,-5.914,0,0,"3","-",99548984,99595017,"FILIP1L","filamin A interacting protein 1-like [Source:HGNC Symbol;Acc:HGNC:24589]","3:99548984-99595017"
"ENSG00000138496",246.608,0.415,0.067,6.163,0,0,"3","-",122246770,122283424,"PARP9","poly(ADP-ribose) polymerase family member 9 [Source:HGNC Symbol;Acc:HGNC:24118]","3:122246770-122283424"
"ENSG00000163840",412.879,0.283,0.068,4.171,0,0.003,"3","+",122283084,122294050,"DTX3L","deltex 3 like, E3 ubiquitin ligase [Source:HGNC Symbol;Acc:HGNC:30323]","3:122283084-122294050"
"ENSG00000160145",175.322,-0.27,0.065,-4.131,0,0.003,"3","+",123798869,123987860,"KALRN","kalirin, RhoGEF kinase [Source:HGNC Symbol;Acc:HGNC:4814]","3:123798869-123987860"
"ENSG00000181744",412.096,0.343,0.07,4.881,0,0,"3","+",143690639,143711201,"C3orf58","chromosome 3 open reading frame 58 [Source:HGNC Symbol;Acc:HGNC:28490]","3:143690639-143711201"
"ENSG00000196428",1119.084,0.417,0.044,9.521,0,0,"3","+",150126121,150184218,"TSC22D2","TSC22 domain family member 2 [Source:HGNC Symbol;Acc:HGNC:29095]","3:150126121-150184218"
"ENSG00000114790",595.02,0.29,0.045,6.523,0,0,"3","+",153838791,153975616,"ARHGEF26","Rho guanine nucleotide exchange factor 26 [Source:HGNC Symbol;Acc:HGNC:24490]","3:153838791-153975616"
"ENSG00000176597",45.482,0.29,0.076,3.802,0,0.01,"3","+",182971031,182991179,"B3GNT5","UDP-GlcNAc:betaGal beta-1,3-N-acetylglucosaminyltransferase 5 [Source:HGNC Symbol;Acc:HGNC:15684]","3:182971031-182991179"
"ENSG00000228804",20.343,0.433,0.076,5.719,0,0,"3","+",187420100,187451637,"RP11-211G3.3","","3:187420100-187451637"
"ENSG00000113916",328.746,0.645,0.077,8.364,0,0,"3","-",187439164,187463515,"BCL6","B-cell CLL/lymphoma 6 [Source:HGNC Symbol;Acc:HGNC:1001]","3:187439164-187463515"
"ENSG00000180611",385.239,-0.266,0.048,-5.552,0,0,"3","-",192514603,192635950,"MB21D2","Mab-21 domain containing 2 [Source:HGNC Symbol;Acc:HGNC:30438]","3:192514603-192635950"
"ENSG00000184160",171.868,-0.22,0.062,-3.525,0,0.025,"4","+",3768074,3770218,"ADRA2C","adrenoceptor alpha 2C [Source:HGNC Symbol;Acc:HGNC:283]","4:3768074-3770218"
"ENSG00000170846",685.198,0.256,0.055,4.661,0,0,"4","+",6675177,6677774,"AC093323.3","","4:6675177-6677774"
"ENSG00000132405",987.335,0.256,0.036,7.152,0,0,"4","+",6910968,6925498,"TBC1D14","TBC1 domain family member 14 [Source:HGNC Symbol;Acc:HGNC:29246]","4:6910968-6925498"
"ENSG00000109814",5557.168,0.241,0.049,4.958,0,0,"4","-",39500374,39529238,"UGDH","UDP-glucose 6-dehydrogenase [Source:HGNC Symbol;Acc:HGNC:12525]","4:39500374-39529238"
"ENSG00000157404",62.239,0.378,0.077,4.936,0,0,"4","+",55524084,55605177,"KIT","v-kit Hardy-Zuckerman 4 feline sarcoma viral oncogene homolog [Source:HGNC Symbol;Acc:HGNC:6342]","4:55524084-55605177"
"ENSG00000138771",1024.818,0.537,0.058,9.335,0,0,"4","+",77356252,77704406,"SHROOM3","shroom family member 3 [Source:HGNC Symbol;Acc:HGNC:30422]","4:77356252-77704406"
"ENSG00000138646",41.777,0.287,0.077,3.716,0,0.013,"4","+",89378267,89427314,"HERC5","HECT and RLD domain containing E3 ubiquitin protein ligase 5 [Source:HGNC Symbol;Acc:HGNC:24368]","4:89378267-89427314"
"ENSG00000138641",943.776,0.146,0.043,3.396,0.001,0.037,"4","+",89442198,89444964,"HERC3","HECT and RLD domain containing E3 ubiquitin protein ligase 3 [Source:HGNC Symbol;Acc:HGNC:4876]","4:89442198-89444964"
"ENSG00000138814",3935.372,0.213,0.047,4.487,0,0.001,"4","-",101944565,102268634,"PPP3CA","protein phosphatase 3, catalytic subunit, alpha isozyme [Source:HGNC Symbol;Acc:HGNC:9314]","4:101944565-102268634"
"ENSG00000254531",253.078,0.449,0.067,6.726,0,0,"4","+",102268936,102270040,"FLJ20021","uncharacterized LOC90024 [Source:EntrezGene;Acc:90024]","4:102268936-102270040"
"ENSG00000168769",1917.694,-0.315,0.056,-5.6,0,0,"4","+",106067031,106163928,"TET2","tet methylcytosine dioxygenase 2 [Source:HGNC Symbol;Acc:HGNC:25941]","4:106067031-106163928"
"ENSG00000138795",27.298,0.291,0.077,3.783,0,0.011,"4","-",108968700,109089578,"LEF1","lymphoid enhancer-binding factor 1 [Source:HGNC Symbol;Acc:HGNC:6551]","4:108968700-109089578"
"ENSG00000138650",140.293,-0.247,0.069,-3.565,0,0.022,"4","+",134070469,134115765,"PCDH10","protocadherin 10 [Source:HGNC Symbol;Acc:HGNC:13404]","4:134070469-134115765"
"ENSG00000109458",319.825,0.186,0.056,3.306,0.001,0.049,"4","+",144257914,144395721,"GAB1","GRB2 associated binding protein 1 [Source:HGNC Symbol;Acc:HGNC:4066]","4:144257914-144395721"
"ENSG00000121210",587.027,0.358,0.055,6.535,0,0,"4","+",154387497,154557863,"KIAA0922","KIAA0922 [Source:HGNC Symbol;Acc:HGNC:29146]","4:154387497-154557863"
"ENSG00000145495",2809.22,0.138,0.04,3.449,0.001,0.031,"5","+",10353814,10434073,"MARCH6","membrane associated ring-CH-type finger 6 [Source:HGNC Symbol;Acc:HGNC:30550]","5:10353814-10434073"
"ENSG00000145569",267.181,1.015,0.069,14.74,0,0,"5","+",14581883,14612829,"FAM105A","family with sequence similarity 105 member A [Source:HGNC Symbol;Acc:HGNC:25629]","5:14581883-14612829"
"ENSG00000176788",1202.054,0.291,0.056,5.205,0,0,"5","+",17065706,17275462,"BASP1","brain abundant, membrane attached signal protein 1 [Source:HGNC Symbol;Acc:HGNC:957]","5:17065706-17275462"
"ENSG00000067113",217.691,0.413,0.063,6.556,0,0,"5","-",54720681,54830797,"PLPP1","phospholipid phosphatase 1 [Source:HGNC Symbol;Acc:HGNC:9228]","5:54720681-54830797"
"ENSG00000134352",948.36,0.327,0.058,5.647,0,0,"5","-",55230922,55290821,"IL6ST","interleukin 6 signal transducer [Source:HGNC Symbol;Acc:HGNC:6021]","5:55230922-55290821"
"ENSG00000262211",98.721,0.293,0.072,4.083,0,0.004,"5","+",55231970,55237555,"CTD-2031P19.5","","5:55231970-55237555"
"ENSG00000095015",1122.81,0.355,0.057,6.199,0,0,"5","+",56111400,56191979,"MAP3K1","mitogen-activated protein kinase kinase kinase 1, E3 ubiquitin protein ligase [Source:HGNC Symbol;Acc:HGNC:6848]","5:56111400-56191979"
"ENSG00000181104",25.598,0.291,0.077,3.772,0,0.011,"5","+",76011867,76031606,"F2R","coagulation factor II (thrombin) receptor [Source:HGNC Symbol;Acc:HGNC:3537]","5:76011867-76031606"
"ENSG00000164309",207.952,0.266,0.075,3.558,0,0.022,"5","+",78985699,79096045,"CMYA5","cardiomyopathy associated 5 [Source:HGNC Symbol;Acc:HGNC:14305]","5:78985699-79096045"
"ENSG00000113532",109.917,-0.427,0.069,-6.186,0,0,"5","-",100142638,100238970,"ST8SIA4","ST8 alpha-N-acetyl-neuraminide alpha-2,8-sialyltransferase 4 [Source:HGNC Symbol;Acc:HGNC:10871]","5:100142638-100238970"
"ENSG00000181751",381.628,0.252,0.059,4.266,0,0.002,"5","+",102594402,102614361,"C5orf30","chromosome 5 open reading frame 30 [Source:HGNC Symbol;Acc:HGNC:25052]","5:102594402-102614361"
"ENSG00000152503",320.267,0.315,0.077,4.081,0,0.004,"5","-",114460458,114515856,"TRIM36","tripartite motif containing 36 [Source:HGNC Symbol;Acc:HGNC:16280]","5:114460458-114515856"
"ENSG00000113070",18.341,0.391,0.074,5.254,0,0,"5","-",139712427,139726216,"HBEGF","heparin-binding EGF-like growth factor [Source:HGNC Symbol;Acc:HGNC:3059]","5:139712427-139726216"
"ENSG00000183111",102.655,0.606,0.071,8.511,0,0,"5","+",148931509,148980794,"ARHGEF37","Rho guanine nucleotide exchange factor 37 [Source:HGNC Symbol;Acc:HGNC:34430]","5:148931509-148980794"
"ENSG00000155850",181.601,0.267,0.071,3.762,0,0.011,"5","+",149340299,149366968,"SLC26A2","solute carrier family 26 (anion exchanger), member 2 [Source:HGNC Symbol;Acc:HGNC:10994]","5:149340299-149366968"
"ENSG00000171992",45.192,-0.278,0.076,-3.664,0,0.016,"5","+",149980641,150033794,"SYNPO","synaptopodin [Source:HGNC Symbol;Acc:HGNC:30672]","5:149980641-150033794"
"ENSG00000170271",211.047,0.36,0.075,4.819,0,0,"5","-",154198050,154230466,"FAXDC2","fatty acid hydroxylase domain containing 2 [Source:HGNC Symbol;Acc:HGNC:1334]","5:154198050-154230466"
"ENSG00000156427",54.903,0.947,0.077,12.296,0,0,"5","+",170846659,170884627,"FGF18","fibroblast growth factor 18 [Source:HGNC Symbol;Acc:HGNC:3674]","5:170846659-170884627"
"ENSG00000174705",128.126,0.263,0.071,3.707,0,0.014,"5","-",171752184,171881362,"SH3PXD2B","SH3 and PX domains 2B [Source:HGNC Symbol;Acc:HGNC:29242]","5:171752184-171881362"
"ENSG00000113742",310.065,0.282,0.075,3.778,0,0.011,"5","+",173315282,173388979,"CPEB4","cytoplasmic polyadenylation element binding protein 4 [Source:HGNC Symbol;Acc:HGNC:21747]","5:173315282-173388979"
"ENSG00000111859",717.654,0.571,0.067,8.523,0,0,"6","-",11183530,11232915,"NEDD9","neural precursor cell expressed, developmentally down-regulated 9 [Source:HGNC Symbol;Acc:HGNC:7733]","6:11183530-11232915"
"ENSG00000008083",1895.464,-0.275,0.051,-5.402,0,0,"6","+",15246526,15522252,"JARID2","jumonji and AT-rich interaction domain containing 2 [Source:HGNC Symbol;Acc:HGNC:6196]","6:15246526-15522252"
"ENSG00000007944",431.548,-0.242,0.045,-5.364,0,0,"6","+",16129355,16147112,"MYLIP","myosin regulatory light chain interacting protein [Source:HGNC Symbol;Acc:HGNC:21155]","6:16129355-16147112"
"ENSG00000112183",379.906,-0.23,0.063,-3.655,0,0.016,"6","+",17281576,17294106,"RBM24","RNA binding motif protein 24 [Source:HGNC Symbol;Acc:HGNC:21539]","6:17281576-17294106"
"ENSG00000137331",307.148,0.21,0.061,3.421,0.001,0.034,"6","-",30710975,30712325,"IER3","immediate early response 3 [Source:HGNC Symbol;Acc:HGNC:5392]","6:30710975-30712325"
"ENSG00000213588",317.053,-0.167,0.049,-3.426,0.001,0.034,"6","+",33422355,33425325,"ZBTB9","zinc finger and BTB domain containing 9 [Source:HGNC Symbol;Acc:HGNC:28323]","6:33422355-33425325"
"ENSG00000096060",1450.383,0.948,0.05,19.146,0,0,"6","-",35541361,35696360,"FKBP5","FK506 binding protein 5 [Source:HGNC Symbol;Acc:HGNC:3721]","6:35541361-35696360"
"ENSG00000164626",86.886,-0.334,0.077,-4.332,0,0.001,"6","-",39156748,39197226,"KCNK5","potassium channel, two pore domain subfamily K, member 5 [Source:HGNC Symbol;Acc:HGNC:6280]","6:39156748-39197226"
"ENSG00000112773",560.8,-0.455,0.058,-7.899,0,0,"6","-",82201155,82461529,"FAM46A","family with sequence similarity 46 member A [Source:HGNC Symbol;Acc:HGNC:18345]","6:82201155-82461529"
"ENSG00000146242",3067.844,0.202,0.042,4.786,0,0,"6","+",83072922,83077134,"TPBG","trophoblast glycoprotein [Source:HGNC Symbol;Acc:HGNC:12004]","6:83072922-83077134"
"ENSG00000112297",627.09,0.232,0.062,3.76,0,0.011,"6","+",106959729,107018326,"AIM1","absent in melanoma 1 [Source:HGNC Symbol;Acc:HGNC:356]","6:106959729-107018326"
"ENSG00000056972",762.171,-0.247,0.048,-5.131,0,0,"6","-",111877656,111927449,"TRAF3IP2","TRAF3 interacting protein 2 [Source:HGNC Symbol;Acc:HGNC:1343]","6:111877656-111927449"
"ENSG00000187189",1108.989,0.203,0.048,4.19,0,0.002,"6","-",116571150,116575261,"TSPYL4","TSPY-like 4 [Source:HGNC Symbol;Acc:HGNC:21559]","6:116571150-116575261"
"ENSG00000111885",2850.43,0.182,0.043,4.249,0,0.002,"6","-",119498373,119670926,"MAN1A1","mannosidase, alpha, class 1A, member 1 [Source:HGNC Symbol;Acc:HGNC:6821]","6:119498373-119670926"
"ENSG00000028839",326.467,0.225,0.054,4.169,0,0.003,"6","+",134273307,134305617,"TBPL1","TATA-box binding protein like 1 [Source:HGNC Symbol;Acc:HGNC:11589]","6:134273307-134305617"
"ENSG00000146411",84.794,0.406,0.07,5.828,0,0,"6","-",134309834,134373774,"SLC2A12","solute carrier family 2 (facilitated glucose transporter), member 12 [Source:HGNC Symbol;Acc:HGNC:18067]","6:134309834-134373774"
"ENSG00000118515",422.364,0.973,0.061,15.851,0,0,"6","-",134490383,134639196,"SGK1","serum/glucocorticoid regulated kinase 1 [Source:HGNC Symbol;Acc:HGNC:10810]","6:134490383-134639196"
"ENSG00000118513",954.321,-0.221,0.047,-4.674,0,0,"6","+",135502452,135540305,"MYB","v-myb avian myeloblastosis viral oncogene homolog [Source:HGNC Symbol;Acc:HGNC:7545]","6:135502452-135540305"
"ENSG00000112414",1969.249,0.267,0.061,4.354,0,0.001,"6","+",142622990,142767403,"ADGRG6","adhesion G protein-coupled receptor G6 [Source:HGNC Symbol;Acc:HGNC:13841]","6:142622990-142767403"
"ENSG00000111961",1181.819,0.217,0.046,4.683,0,0,"6","+",148593439,148761830,"SASH1","SAM and SH3 domain containing 1 [Source:HGNC Symbol;Acc:HGNC:19182]","6:148593439-148761830"
"ENSG00000055208",2332.095,0.284,0.044,6.51,0,0,"6","+",149539776,149699665,"TAB2","TGF-beta activated kinase 1/MAP3K7 binding protein 2 [Source:HGNC Symbol;Acc:HGNC:17075]","6:149539776-149699665"
"ENSG00000198729",26.193,0.345,0.077,4.504,0,0.001,"6","+",150464211,150571493,"PPP1R14C","protein phosphatase 1 regulatory inhibitor subunit 14C [Source:HGNC Symbol;Acc:HGNC:14952]","6:150464211-150571493"
"ENSG00000164849",28.959,0.316,0.077,4.098,0,0.004,"7","+",1084211,1098097,"GPR146","G protein-coupled receptor 146 [Source:HGNC Symbol;Acc:HGNC:21718]","7:1084211-1098097"
"ENSG00000106003",1012.955,0.238,0.071,3.351,0.001,0.043,"7","+",2552162,2568061,"LFNG","LFNG O-fucosylpeptide 3-beta-N-acetylglucosaminyltransferase [Source:HGNC Symbol;Acc:HGNC:6560]","7:2552162-2568061"
"ENSG00000146535",1570.461,0.196,0.058,3.349,0.001,0.043,"7","-",2767745,2883958,"GNA12","guanine nucleotide binding protein (G protein) alpha 12 [Source:HGNC Symbol;Acc:HGNC:4380]","7:2767745-2883958"
"ENSG00000228974",36.904,0.272,0.077,3.52,0,0.025,"7","+",5600373,5600686,"AC006483.5","","7:5600373-5600686"
"ENSG00000106541",7634.161,0.187,0.05,3.772,0,0.011,"7","-",16831434,16844704,"AGR2","anterior gradient 2, protein disulphide isomerase family member [Source:HGNC Symbol;Acc:HGNC:328]","7:16831434-16844704"
"ENSG00000173467",308.083,0.394,0.056,7.033,0,0,"7","-",16899028,16921611,"AGR3","anterior gradient 3, protein disulphide isomerase family member [Source:HGNC Symbol;Acc:HGNC:24167]","7:16899028-16921611"
"ENSG00000176532",333.779,0.446,0.06,7.5,0,0,"7","+",29603426,29606911,"PRR15","proline rich 15 [Source:HGNC Symbol;Acc:HGNC:22310]","7:29603426-29606911"
"ENSG00000122641",37.472,-0.311,0.077,-4.029,0,0.004,"7","-",41724711,41742706,"INHBA","inhibin beta A [Source:HGNC Symbol;Acc:HGNC:6066]","7:41724711-41742706"
"ENSG00000146674",60.336,0.355,0.073,4.858,0,0,"7","-",45951948,45960871,"IGFBP3","insulin like growth factor binding protein 3 [Source:HGNC Symbol;Acc:HGNC:5472]","7:45951948-45960871"
"ENSG00000091073",380.695,0.232,0.061,3.832,0,0.009,"7","+",76090992,76110021,"DTX2","deltex 2, E3 ubiquitin ligase [Source:HGNC Symbol;Acc:HGNC:15973]","7:76090992-76110021"
"ENSG00000005469",406.164,0.528,0.064,8.32,0,0,"7","+",86974996,87028797,"CROT","carnitine O-octanoyltransferase [Source:HGNC Symbol;Acc:HGNC:2366]","7:86974996-87028797"
"ENSG00000004799",110.736,0.264,0.072,3.667,0,0.016,"7","-",95212810,95225803,"PDK4","pyruvate dehydrogenase kinase, isozyme 4 [Source:HGNC Symbol;Acc:HGNC:8812]","7:95212810-95225803"
"ENSG00000160862",85.035,0.292,0.076,3.84,0,0.009,"7","-",99564342,99565216,"AZGP1","alpha-2-glycoprotein 1, zinc-binding [Source:HGNC Symbol;Acc:HGNC:910]","7:99564342-99565216"
"ENSG00000214313",21.09,0.319,0.075,4.251,0,0.002,"7","+",99578384,99581860,"AZGP1P1","alpha-2-glycoprotein 1, zinc-binding pseudogene 1 [Source:HGNC Symbol;Acc:HGNC:911]","7:99578384-99581860"
"ENSG00000105835",1169.924,0.215,0.049,4.361,0,0.001,"7","-",105888730,105925638,"NAMPT","nicotinamide phosphoribosyltransferase [Source:HGNC Symbol;Acc:HGNC:30092]","7:105888730-105925638"
"ENSG00000105974",527.281,0.269,0.07,3.864,0,0.008,"7","+",116164838,116201230,"CAV1","caveolin 1 [Source:HGNC Symbol;Acc:HGNC:1527]","7:116164838-116201230"
"ENSG00000135245",353.595,0.336,0.051,6.531,0,0,"7","+",128095902,128097978,"HILPDA","hypoxia inducible lipid droplet-associated [Source:HGNC Symbol;Acc:HGNC:28859]","7:128095902-128097978"
"ENSG00000170379",113.841,0.639,0.074,8.636,0,0,"7","+",143318042,143422176,"TCAF2","TRPM8 channel-associated factor 2 [Source:HGNC Symbol;Acc:HGNC:26878]","7:143318042-143422176"
"ENSG00000159860",35.428,0.543,0.077,7.042,0,0,"7","+",143333744,143515397,"TCAF2P1","TRPM8 channel-associated factor 2 pseudogene 1 [Source:HGNC Symbol;Acc:HGNC:33603]","7:143333744-143515397"
"ENSG00000253882",120.195,0.61,0.076,8,0,0,"7","-",143339347,143533801,"RP11-61L23.2","","7:143339347-143533801"
"ENSG00000033050",1170.353,-0.139,0.038,-3.705,0,0.014,"7","-",150904922,150924252,"ABCF2","ATP binding cassette subfamily F member 2 [Source:HGNC Symbol;Acc:HGNC:71]","7:150904922-150924252"
"ENSG00000189221",51.24,0.274,0.077,3.538,0,0.024,"X","+",43515466,43606068,"MAOA","monoamine oxidase A [Source:HGNC Symbol;Acc:HGNC:6833]","X:43515466-43606068"
"ENSG00000198455",443.53,0.278,0.067,4.123,0,0.003,"X","+",57618268,57623906,"ZXDB","zinc finger, X-linked, duplicated B [Source:HGNC Symbol;Acc:HGNC:13199]","X:57618268-57623906"
"ENSG00000169083",383.376,-0.278,0.07,-3.986,0,0.005,"X","+",66764464,66950461,"AR","androgen receptor [Source:HGNC Symbol;Acc:HGNC:644]","X:66764464-66950461"
"ENSG00000124429",452.582,-0.219,0.055,-3.968,0,0.006,"X","-",84532401,84634748,"POF1B","premature ovarian failure, 1B [Source:HGNC Symbol;Acc:HGNC:13711]","X:84532401-84634748"
"ENSG00000157600",2679.574,0.234,0.039,5.965,0,0,"X","+",109245858,109246822,"TMEM164","transmembrane protein 164 [Source:HGNC Symbol;Acc:HGNC:26217]","X:109245858-109246822"
"ENSG00000104643",262.464,0.219,0.06,3.641,0,0.017,"8","+",11141924,11185646,"MTMR9","myotubularin related protein 9 [Source:HGNC Symbol;Acc:HGNC:14596]","8:11141924-11185646"
"ENSG00000129422",553.438,0.359,0.047,7.596,0,0,"8","-",17501303,17658426,"MTUS1","microtubule associated tumor suppressor 1 [Source:HGNC Symbol;Acc:HGNC:29789]","8:17501303-17658426"
"ENSG00000159167",1022.171,0.231,0.051,4.515,0,0.001,"8","-",23699427,23712320,"STC1","stanniocalcin 1 [Source:HGNC Symbol;Acc:HGNC:11373]","8:23699427-23712320"
"ENSG00000156675",2148.886,0.216,0.062,3.512,0,0.026,"8","-",37716135,37756985,"RAB11FIP1","RAB11 family interacting protein 1 (class I) [Source:HGNC Symbol;Acc:HGNC:30265]","8:37716135-37756985"
"ENSG00000221869",134.633,0.33,0.075,4.405,0,0.001,"8","-",48649470,48651648,"CEBPD","CCAAT/enhancer binding protein (C/EBP), delta [Source:HGNC Symbol;Acc:HGNC:1835]","8:48649470-48651648"
"ENSG00000019549",10.167,0.338,0.068,4.956,0,0,"8","-",49830248,49833988,"SNAI2","snail family zinc finger 2 [Source:HGNC Symbol;Acc:HGNC:11094]","8:49830248-49833988"
"ENSG00000169085",57.041,0.304,0.077,3.95,0,0.006,"8","+",67372237,67425842,"C8orf46","chromosome 8 open reading frame 46 [Source:HGNC Symbol;Acc:HGNC:28498]","8:67372237-67425842"
"ENSG00000185697",894.425,0.386,0.077,4.998,0,0,"8","-",67474409,67525484,"MYBL1","v-myb avian myeloblastosis viral oncogene homolog-like 1 [Source:HGNC Symbol;Acc:HGNC:7547]","8:67474409-67525484"
"ENSG00000104205",237.998,0.502,0.059,8.545,0,0,"8","+",67624652,67773094,"SGK3","serum/glucocorticoid regulated kinase family member 3 [Source:HGNC Symbol;Acc:HGNC:10812]","8:67624652-67773094"
"ENSG00000104218",298.235,0.365,0.059,6.206,0,0,"8","+",67974660,68005855,"CSPP1","centrosome and spindle pole associated protein 1 [Source:HGNC Symbol;Acc:HGNC:26193]","8:67974660-68005855"
"ENSG00000076554",2007.997,0.167,0.048,3.494,0,0.027,"8","-",80870570,80993010,"TPD52","tumor protein D52 [Source:HGNC Symbol;Acc:HGNC:12005]","8:80870570-80993010"
"ENSG00000205189",758.362,0.281,0.065,4.297,0,0.002,"8","+",81397853,81432039,"ZBTB10","zinc finger and BTB domain containing 10 [Source:HGNC Symbol;Acc:HGNC:30953]","8:81397853-81432039"
"ENSG00000076641",36.774,0.327,0.077,4.241,0,0.002,"8","-",81880044,82024303,"PAG1","phosphoprotein membrane anchor with glycosphingolipid microdomains 1 [Source:HGNC Symbol;Acc:HGNC:30043]","8:81880044-82024303"
"ENSG00000104267",2020.144,0.4,0.049,8.195,0,0,"8","+",86376080,86393722,"CA2","carbonic anhydrase II [Source:HGNC Symbol;Acc:HGNC:1373]","8:86376080-86393722"
"ENSG00000246792",215.224,-0.312,0.068,-4.594,0,0,"8","+",91658668,91663985,"RP11-68L18.1","","8:91658668-91663985"
"ENSG00000123119",1271.351,-0.196,0.056,-3.481,0,0.028,"8","+",91803777,91971636,"NECAB1","N-terminal EF-hand calcium binding protein 1 [Source:HGNC Symbol;Acc:HGNC:20983]","8:91803777-91971636"
"ENSG00000254251",238.031,-0.264,0.068,-3.892,0,0.007,"8","-",91818701,91871468,"RP11-662G23.1","","8:91818701-91871468"
"ENSG00000253738",429.487,-0.187,0.054,-3.441,0.001,0.032,"8","-",92072136,92082351,"OTUD6B-AS1","OTUD6B antisense RNA 1 (head to head) [Source:HGNC Symbol;Acc:HGNC:50466]","8:92072136-92082351"
"ENSG00000156170",305.218,0.251,0.058,4.314,0,0.002,"8","+",95907994,96059318,"NDUFAF6","NADH:ubiquinone oxidoreductase complex assembly factor 6 [Source:HGNC Symbol;Acc:HGNC:28625]","8:95907994-96059318"
"ENSG00000175895",1457.352,0.476,0.056,8.533,0,0,"8","+",96146031,96168912,"PLEKHF2","pleckstrin homology and FYVE domain containing 2 [Source:HGNC Symbol;Acc:HGNC:20757]","8:96146031-96168912"
"ENSG00000083307",4126.71,0.214,0.062,3.427,0.001,0.034,"8","+",102504659,102681954,"GRHL2","grainyhead-like transcription factor 2 [Source:HGNC Symbol;Acc:HGNC:2799]","8:102504659-102681954"
"ENSG00000147642",295.828,0.922,0.059,15.577,0,0,"8","-",110586206,110661065,"SYBU","syntabulin [Source:HGNC Symbol;Acc:HGNC:26011]","8:110586206-110661065"
"ENSG00000153310",1007.492,0.193,0.049,3.93,0,0.006,"8","-",130851838,130952078,"FAM49B","family with sequence similarity 49 member B [Source:HGNC Symbol;Acc:HGNC:25216]","8:130851838-130952078"
"ENSG00000104419",427.635,0.453,0.074,6.119,0,0,"8","-",134249413,134309480,"NDRG1","N-myc downstream regulated 1 [Source:HGNC Symbol;Acc:HGNC:7679]","8:134249413-134309480"
"ENSG00000234616",1034.554,0.222,0.054,4.093,0,0.004,"8","-",143738873,143747939,"JRK","Jrk helix-turn-helix protein [Source:HGNC Symbol;Acc:HGNC:6199]","8:143738873-143747939"
"ENSG00000167653",267.858,0.955,0.076,12.637,0,0,"8","+",143751725,143763334,"PSCA","prostate stem cell antigen [Source:HGNC Symbol;Acc:HGNC:9500]","8:143751725-143763334"
"ENSG00000107104",280.984,0.263,0.07,3.785,0,0.011,"9","+",470290,746105,"KANK1","KN motif and ankyrin repeat domains 1 [Source:HGNC Symbol;Acc:HGNC:19309]","9:470290-746105"
"ENSG00000107338",196.054,0.222,0.059,3.794,0,0.01,"9","-",37919130,38069208,"SHB","Src homology 2 domain containing adaptor protein B [Source:HGNC Symbol;Acc:HGNC:10838]","9:37919130-38069208"
"ENSG00000119138",1242.966,0.341,0.077,4.403,0,0.001,"9","-",72999502,73029540,"KLF9","Kruppel-like factor 9 [Source:HGNC Symbol;Acc:HGNC:1123]","9:72999502-73029540"
"ENSG00000185963",1072.344,0.185,0.05,3.732,0,0.013,"9","-",95473644,95527094,"BICD2","bicaudal D homolog 2 (Drosophila) [Source:HGNC Symbol;Acc:HGNC:17208]","9:95473644-95527094"
"ENSG00000119508",164.054,-0.29,0.063,-4.61,0,0,"9","+",102584136,102596341,"NR4A3","nuclear receptor subfamily 4 group A member 3 [Source:HGNC Symbol;Acc:HGNC:7982]","9:102584136-102596341"
"ENSG00000136826",1705.421,0.267,0.058,4.637,0,0,"9","-",110247132,110250728,"KLF4","Kruppel-like factor 4 (gut) [Source:HGNC Symbol;Acc:HGNC:6348]","9:110247132-110250728"
"ENSG00000267987",166.607,0.292,0.074,3.931,0,0.006,"9","+",124103624,124110410,NA,NA,"9:124103624-124110410"
"ENSG00000176058",854.278,0.223,0.062,3.615,0,0.019,"9","-",140086068,140094557,"TPRN","taperin [Source:HGNC Symbol;Acc:HGNC:26894]","9:140086068-140094557"
"ENSG00000165724",681.607,0.246,0.049,5.026,0,0,"9","-",140476530,140484942,"ZMYND19","zinc finger, MYND-type containing 19 [Source:HGNC Symbol;Acc:HGNC:21146]","9:140476530-140484942"
"ENSG00000197070",2676.924,0.284,0.055,5.167,0,0,"9","+",140500105,140509810,"ARRDC1","arrestin domain containing 1 [Source:HGNC Symbol;Acc:HGNC:28633]","9:140500105-140509810"
"ENSG00000067082",1207.686,0.303,0.075,4.041,0,0.004,"10","-",3818187,3822409,"KLF6","Kruppel-like factor 6 [Source:HGNC Symbol;Acc:HGNC:2235]","10:3818187-3822409"
"ENSG00000187134",156.195,0.228,0.063,3.609,0,0.019,"10","+",4934795,5020142,"AKR1C1","aldo-keto reductase family 1, member C1 [Source:HGNC Symbol;Acc:HGNC:384]","10:4934795-5020142"
"ENSG00000178372",281.727,0.288,0.062,4.613,0,0,"10","-",5540657,5541533,"CALML5","calmodulin like 5 [Source:HGNC Symbol;Acc:HGNC:18180]","10:5540657-5541533"
"ENSG00000170525",949.952,0.171,0.043,3.956,0,0.006,"10","+",6186880,6277494,"PFKFB3","6-phosphofructo-2-kinase/fructose-2,6-biphosphatase 3 [Source:HGNC Symbol;Acc:HGNC:8874]","10:6186880-6277494"
"ENSG00000165507",16.088,0.289,0.072,4.034,0,0.004,"10","-",45466428,45474238,"C10orf10","chromosome 10 open reading frame 10 [Source:HGNC Symbol;Acc:HGNC:23355]","10:45466428-45474238"
"ENSG00000198964",713.903,0.235,0.049,4.802,0,0,"10","-",52065359,52383743,"SGMS1","sphingomyelin synthase 1 [Source:HGNC Symbol;Acc:HGNC:29799]","10:52065359-52383743"
"ENSG00000138347",25.891,0.345,0.077,4.462,0,0.001,"10","+",69865911,69971456,"MYPN","myopalladin [Source:HGNC Symbol;Acc:HGNC:23246]","10:69865911-69971456"
"ENSG00000228748",872.913,0.412,0.061,6.803,0,0,"10","+",79542623,79552934,"RP13-39P12.3","","10:79542623-79552934"
"ENSG00000151208",3705.301,0.39,0.056,6.966,0,0,"10","-",79550548,79589200,"DLG5","discs, large homolog 5 (Drosophila) [Source:HGNC Symbol;Acc:HGNC:2904]","10:79550548-79589200"
"ENSG00000204049",45.359,0.388,0.076,5.095,0,0,"10","+",79626632,79629368,"RP11-126H7.4","","10:79626632-79629368"
"ENSG00000108219",1213.279,0.21,0.046,4.607,0,0,"10","+",82213921,82292879,"TSPAN14","tetraspanin 14 [Source:HGNC Symbol;Acc:HGNC:23303]","10:82213921-82292879"
"ENSG00000152766",10.568,0.321,0.069,4.685,0,0,"10","-",90581888,90611575,"ANKRD22","ankyrin repeat domain 22 [Source:HGNC Symbol;Acc:HGNC:28321]","10:90581888-90611575"
"ENSG00000107438",839.758,0.138,0.035,3.916,0,0.007,"10","-",96997328,97050781,"PDLIM1","PDZ and LIM domain 1 [Source:HGNC Symbol;Acc:HGNC:2067]","10:96997328-97050781"
"ENSG00000181274",564.017,0.253,0.059,4.301,0,0.002,"10","-",99092254,99094458,"FRAT2","frequently rearranged in advanced T-cell lymphomas 2 [Source:HGNC Symbol;Acc:HGNC:16048]","10:99092254-99094458"
"ENSG00000107954",102.902,0.457,0.073,6.241,0,0,"10","+",105253735,105352309,"NEURL1","neuralized E3 ubiquitin protein ligase 1 [Source:HGNC Symbol;Acc:HGNC:7761]","10:105253735-105352309"
"ENSG00000043591",45.683,0.409,0.076,5.381,0,0,"10","+",115803805,115806667,"ADRB1","adrenoceptor beta 1 [Source:HGNC Symbol;Acc:HGNC:285]","10:115803805-115806667"
"ENSG00000169129",121.402,0.249,0.075,3.31,0.001,0.049,"10","-",116054582,116164244,"AFAP1L2","actin filament associated protein 1 like 2 [Source:HGNC Symbol;Acc:HGNC:25901]","10:116054582-116164244"
"ENSG00000151929",3888.969,0.246,0.056,4.379,0,0.001,"10","+",121410881,121437331,"BAG3","BCL2 associated athanogene 3 [Source:HGNC Symbol;Acc:HGNC:939]","10:121410881-121437331"
"ENSG00000154473",2913.943,0.265,0.055,4.804,0,0,"10","+",124913792,124924886,"BUB3","BUB3 mitotic checkpoint protein [Source:HGNC Symbol;Acc:HGNC:1151]","10:124913792-124924886"
"ENSG00000132334",180.163,0.192,0.058,3.303,0.001,0.049,"10","+",129705324,129884119,"PTPRE","protein tyrosine phosphatase, receptor type, E [Source:HGNC Symbol;Acc:HGNC:9669]","10:129705324-129884119"
"ENSG00000166483",693.42,0.301,0.056,5.387,0,0,"11","+",9595227,9610754,"WEE1","WEE1 G2 checkpoint kinase [Source:HGNC Symbol;Acc:HGNC:12761]","11:9595227-9610754"
"ENSG00000133816",387.585,0.327,0.057,5.738,0,0,"11","+",12115542,12284466,"MICAL2","microtubule associated monooxygenase, calponin and LIM domain containing 2 [Source:HGNC Symbol;Acc:HGNC:24693]","11:12115542-12284466"
"ENSG00000187486",209.542,0.499,0.071,7.074,0,0,"11","-",17407405,17410206,"KCNJ11","potassium channel, inwardly rectifying subfamily J, member 11 [Source:HGNC Symbol;Acc:HGNC:6257]","11:17407405-17410206"
"ENSG00000135378",355.772,0.217,0.059,3.682,0,0.015,"11","+",32851488,32879669,"PRRG4","proline rich Gla (G-carboxyglutamic acid) 4 (transmembrane) [Source:HGNC Symbol;Acc:HGNC:30799]","11:32851488-32879669"
"ENSG00000085063",2039.655,0.394,0.046,8.569,0,0,"11","-",33719806,33744002,"CD59","CD59 molecule, complement regulatory protein [Source:HGNC Symbol;Acc:HGNC:1689]","11:33719806-33744002"
"ENSG00000121671",887.048,0.525,0.043,12.244,0,0,"11","+",45868668,45902784,"CRY2","cryptochrome circadian clock 2 [Source:HGNC Symbol;Acc:HGNC:2385]","11:45868668-45902784"
"ENSG00000149177",539.044,0.292,0.062,4.72,0,0,"11","+",48002112,48189670,"PTPRJ","protein tyrosine phosphatase, receptor type, J [Source:HGNC Symbol;Acc:HGNC:9673]","11:48002112-48189670"
"ENSG00000134780",283.505,0.433,0.06,7.266,0,0,"11","+",61447904,61514473,"DAGLA","diacylglycerol lipase, alpha [Source:HGNC Symbol;Acc:HGNC:1165]","11:61447904-61514473"
"ENSG00000254429",44.035,0.549,0.077,7.126,0,0,"11","+",74971170,74972069,"CTD-2562J17.7","","11:74971170-74972069"
"ENSG00000137486",623.878,0.665,0.052,12.695,0,0,"11","-",74975225,75062749,"ARRB1","arrestin, beta 1 [Source:HGNC Symbol;Acc:HGNC:711]","11:74975225-75062749"
"ENSG00000254963",27.815,0.373,0.077,4.87,0,0,"11","+",74975332,74976214,"CTD-2562J17.9","","11:74975332-74976214"
"ENSG00000198382",639.395,0.182,0.052,3.508,0,0.026,"11","+",75526211,75854239,"UVRAG","UV radiation resistance associated [Source:HGNC Symbol;Acc:HGNC:12640]","11:75526211-75854239"
"ENSG00000165895",77.967,0.29,0.077,3.777,0,0.011,"11","+",100558383,100862668,"ARHGAP42","Rho GTPase activating protein 42 [Source:HGNC Symbol;Acc:HGNC:26545]","11:100558383-100862668"
"ENSG00000110318",85.116,0.294,0.077,3.84,0,0.009,"11","+",101785745,101871789,"CEP126","centrosomal protein 126kDa [Source:HGNC Symbol;Acc:HGNC:29264]","11:101785745-101871789"
"ENSG00000008323",368.315,0.272,0.056,4.886,0,0,"12","+",6419601,6437671,"PLEKHG6","pleckstrin homology and RhoGEF domain containing G6 [Source:HGNC Symbol;Acc:HGNC:25562]","12:6419601-6437671"
"ENSG00000060140",37.988,0.297,0.077,3.855,0,0.008,"12","-",10771537,10826891,"STYK1","serine/threonine/tyrosine kinase 1 [Source:HGNC Symbol;Acc:HGNC:18889]","12:10771537-10826891"
"ENSG00000013588",5656.672,0.286,0.065,4.371,0,0.001,"12","+",13043715,13070871,"GPRC5A","G protein-coupled receptor, class C, group 5, member A [Source:HGNC Symbol;Acc:HGNC:9836]","12:13043715-13070871"
"ENSG00000134531",147.257,0.777,0.076,10.276,0,0,"12","+",13349649,13369708,"EMP1","epithelial membrane protein 1 [Source:HGNC Symbol;Acc:HGNC:3333]","12:13349649-13369708"
"ENSG00000139132",388.463,0.375,0.061,6.106,0,0,"12","+",32552462,32793467,"FGD4","FYVE, RhoGEF and PH domain containing 4 [Source:HGNC Symbol;Acc:HGNC:19125]","12:32552462-32793467"
"ENSG00000057294",339.369,0.18,0.049,3.66,0,0.016,"12","-",32943678,33049774,"PKP2","plakophilin 2 [Source:HGNC Symbol;Acc:HGNC:9024]","12:32943678-33049774"
"ENSG00000110975",145.3,-0.244,0.064,-3.819,0,0.009,"12","-",33527172,33592754,"SYT10","synaptotagmin 10 [Source:HGNC Symbol;Acc:HGNC:19266]","12:33527172-33592754"
"ENSG00000139116",965.448,-0.177,0.046,-3.84,0,0.009,"12","-",39687029,39706628,"KIF21A","kinesin family member 21A [Source:HGNC Symbol;Acc:HGNC:19349]","12:39687029-39706628"
"ENSG00000139174",41.099,0.523,0.077,6.817,0,0,"12","-",42852139,42877797,"PRICKLE1","prickle homolog 1 [Source:HGNC Symbol;Acc:HGNC:17019]","12:42852139-42877797"
"ENSG00000257225",19.258,0.321,0.076,4.244,0,0.002,"12","+",42853167,42859930,"RP11-328C8.4","","12:42853167-42859930"
"ENSG00000134294",9025.87,0.333,0.066,5.082,0,0,"12","-",46751971,46766650,"SLC38A2","solute carrier family 38 member 2 [Source:HGNC Symbol;Acc:HGNC:13448]","12:46751971-46766650"
"ENSG00000139211",287.428,-0.445,0.075,-5.93,0,0,"12","-",47469489,47473648,"AMIGO2","adhesion molecule with Ig-like domain 2 [Source:HGNC Symbol;Acc:HGNC:24073]","12:47469489-47473648"
"ENSG00000111424",233.563,0.235,0.071,3.303,0.001,0.049,"12","-",48235319,48336831,"VDR","vitamin D (1,25- dihydroxyvitamin D3) receptor [Source:HGNC Symbol;Acc:HGNC:12679]","12:48235319-48336831"
"ENSG00000050405",299.776,0.231,0.065,3.534,0,0.024,"12","-",50569570,50594630,"LIMA1","LIM domain and actin binding 1 [Source:HGNC Symbol;Acc:HGNC:24636]","12:50569570-50594630"
"ENSG00000182796",395.002,0.279,0.073,3.842,0,0.009,"12","+",56223528,56230028,"TMEM198B","transmembrane protein 198B, pseudogene [Source:HGNC Symbol;Acc:HGNC:43629]","12:56223528-56230028"
"ENSG00000170473",809.395,0.262,0.043,6.057,0,0,"12","-",56295196,56321697,"PYM1","PYM homolog 1, exon junction complex associated factor [Source:HGNC Symbol;Acc:HGNC:30258]","12:56295196-56321697"
"ENSG00000065357",361.971,0.426,0.06,7.155,0,0,"12","+",56321102,56331227,"DGKA","diacylglycerol kinase alpha [Source:HGNC Symbol;Acc:HGNC:2849]","12:56321102-56331227"
"ENSG00000196935",512.49,0.319,0.07,4.583,0,0.001,"12","+",64238072,64541613,"SRGAP1","SLIT-ROBO Rho GTPase activating protein 1 [Source:HGNC Symbol;Acc:HGNC:17382]","12:64238072-64541613"
"ENSG00000139289",1049.807,-0.45,0.067,-6.742,0,0,"12","-",76419226,76425384,"PHLDA1","pleckstrin homology-like domain, family A, member 1 [Source:HGNC Symbol;Acc:HGNC:8933]","12:76419226-76425384"
"ENSG00000257453",257.757,-0.44,0.071,-6.177,0,0,"12","+",76424273,76425158,"RP11-290L1.3","","12:76424273-76425158"
"ENSG00000179104",233.925,0.325,0.071,4.549,0,0.001,"12","+",83080658,83380352,"TMTC2","transmembrane and tetratricopeptide repeat containing 2 [Source:HGNC Symbol;Acc:HGNC:25440]","12:83080658-83380352"
"ENSG00000246985",105.291,0.258,0.074,3.502,0,0.026,"12","-",93936238,93965544,"SOCS2-AS1","SOCS2 antisense RNA 1 [Source:HGNC Symbol;Acc:HGNC:27054]","12:93936238-93965544"
"ENSG00000120833",711.169,0.509,0.052,9.716,0,0,"12","+",93963589,93970521,"SOCS2","suppressor of cytokine signaling 2 [Source:HGNC Symbol;Acc:HGNC:19382]","12:93963589-93970521"
"ENSG00000139352",135.682,-0.423,0.072,-5.844,0,0,"12","+",103351463,103354294,"ASCL1","achaete-scute family bHLH transcription factor 1 [Source:HGNC Symbol;Acc:HGNC:738]","12:103351463-103354294"
"ENSG00000171310",65.802,0.445,0.077,5.753,0,0,"12","+",104849072,104850774,"CHST11","carbohydrate (chondroitin 4) sulfotransferase 11 [Source:HGNC Symbol;Acc:HGNC:17422]","12:104849072-104850774"
"ENSG00000180730",61.252,0.292,0.076,3.857,0,0.008,"13","-",26618734,26625169,"SHISA2","shisa family member 2 [Source:HGNC Symbol;Acc:HGNC:20366]","13:26618734-26625169"
"ENSG00000139517",800.085,0.224,0.044,5.118,0,0,"13","-",28120049,28194541,"LNX2","ligand of numb-protein X 2 [Source:HGNC Symbol;Acc:HGNC:20421]","13:28120049-28194541"
"ENSG00000120690",3021.435,0.368,0.041,9.05,0,0,"13","-",41506055,41556418,"ELF1","E74-like factor 1 (ets domain transcription factor) [Source:HGNC Symbol;Acc:HGNC:3316]","13:41506055-41556418"
"ENSG00000118946",14.26,-0.254,0.071,-3.574,0,0.021,"13","+",58205943,58299695,"PCDH17","protocadherin 17 [Source:HGNC Symbol;Acc:HGNC:14267]","13:58205943-58299695"
"ENSG00000102554",457.142,0.345,0.065,5.348,0,0,"13","+",73629113,73636799,"KLF5","Kruppel-like factor 5 (intestinal) [Source:HGNC Symbol;Acc:HGNC:6349]","13:73629113-73636799"
"ENSG00000005812",531.435,0.205,0.051,4.011,0,0.005,"13","-",77566739,77589716,"FBXL3","F-box and leucine-rich repeat protein 3 [Source:HGNC Symbol;Acc:HGNC:13599]","13:77566739-77589716"
"ENSG00000092068",160.341,0.24,0.072,3.332,0.001,0.045,"14","-",23594503,23624518,"SLC7A8","solute carrier family 7 (amino acid transporter light chain, L system), member 8 [Source:HGNC Symbol;Acc:HGNC:11066]","14:23594503-23624518"
"ENSG00000165389",1248.208,0.192,0.041,4.712,0,0,"14","-",34901994,34931562,"SPTSSA","serine palmitoyltransferase small subunit A [Source:HGNC Symbol;Acc:HGNC:20361]","14:34901994-34931562"
"ENSG00000151327",918.925,0.189,0.046,4.112,0,0.003,"14","+",35514112,35552587,"FAM177A1","family with sequence similarity 177 member A1 [Source:HGNC Symbol;Acc:HGNC:19829]","14:35514112-35552587"
"ENSG00000100906",1549.581,0.474,0.041,11.71,0,0,"14","-",35870716,35873952,"NFKBIA","nuclear factor of kappa light polypeptide gene enhancer in B-cells inhibitor, alpha [Source:HGNC Symbol;Acc:HGNC:7797]","14:35870716-35873952"
"ENSG00000214900",104.762,0.254,0.075,3.377,0.001,0.039,"14","-",50448429,50474238,"LINC01588","long intergenic non-protein coding RNA 1588 [Source:HGNC Symbol;Acc:HGNC:27503]","14:50448429-50474238"
"ENSG00000126804",744.65,0.171,0.046,3.723,0,0.013,"14","+",64970429,64971572,"ZBTB1","zinc finger and BTB domain containing 1 [Source:HGNC Symbol;Acc:HGNC:20259]","14:64970429-64971572"
"ENSG00000156127",300.196,0.428,0.068,6.315,0,0,"14","+",75988767,76013358,"BATF","basic leucine zipper transcription factor, ATF-like [Source:HGNC Symbol;Acc:HGNC:958]","14:75988767-76013358"
"ENSG00000224721",112.102,0.23,0.069,3.323,0.001,0.047,"14","-",76041230,76045931,"AC007182.6","","14:76041230-76045931"
"ENSG00000165548",159.871,0.602,0.063,9.507,0,0,"14","+",77582910,77685227,"TMEM63C","transmembrane protein 63C [Source:HGNC Symbol;Acc:HGNC:23787]","14:77582910-77685227"
"ENSG00000100580",1434.422,-0.175,0.046,-3.813,0,0.01,"14","-",77801363,77843452,"TMED8","transmembrane p24 trafficking protein family member 8 [Source:HGNC Symbol;Acc:HGNC:18633]","14:77801363-77843452"
"ENSG00000070778",618.038,0.349,0.055,6.352,0,0,"14","-",88932121,89016966,"PTPN21","protein tyrosine phosphatase, non-receptor type 21 [Source:HGNC Symbol;Acc:HGNC:9651]","14:88932121-89016966"
"ENSG00000100722",1558.907,0.179,0.045,4.001,0,0.005,"14","+",89029252,89079853,"ZC3H14","zinc finger CCCH-type containing 14 [Source:HGNC Symbol;Acc:HGNC:20509]","14:89029252-89079853"
"ENSG00000227051",365.816,-0.285,0.07,-4.063,0,0.004,"14","+",96505660,96560417,"C14orf132","chromosome 14 open reading frame 132 [Source:HGNC Symbol;Acc:HGNC:20346]","14:96505660-96560417"
"ENSG00000168398",31.567,-0.296,0.077,-3.862,0,0.008,"14","+",96671015,96710503,"BDKRB2","bradykinin receptor B2 [Source:HGNC Symbol;Acc:HGNC:1030]","14:96671015-96710503"
"ENSG00000205476",1493.631,0.235,0.053,4.392,0,0.001,"14","-",99977602,100070363,"CCDC85C","coiled-coil domain containing 85C [Source:HGNC Symbol;Acc:HGNC:35459]","14:99977602-100070363"
"ENSG00000258749",364.666,0.225,0.054,4.179,0,0.003,"14","+",99978837,99979913,"RP11-688G15.3","","14:99978837-99979913"
"ENSG00000137767",124.733,0.22,0.066,3.343,0.001,0.044,"15","+",45923345,45983478,"SQRDL","sulfide quinone reductase-like (yeast) [Source:HGNC Symbol;Acc:HGNC:20390]","15:45923345-45983478"
"ENSG00000260618",93.086,0.252,0.071,3.55,0,0.023,"15","+",52870038,52890906,"RP11-23N2.4","","15:52870038-52890906"
"ENSG00000047346",1423.457,0.261,0.05,5.184,0,0,"15","-",52873513,52877520,"FAM214A","family with sequence similarity 214 member A [Source:HGNC Symbol;Acc:HGNC:25609]","15:52873513-52877520"
"ENSG00000157483",283.816,0.254,0.059,4.329,0,0.001,"15","-",59427112,59665099,"MYO1E","myosin IE [Source:HGNC Symbol;Acc:HGNC:7599]","15:59427112-59665099"
"ENSG00000182718",4753.719,0.164,0.037,4.47,0,0.001,"15","-",60639332,60690185,"ANXA2","annexin A2 [Source:HGNC Symbol;Acc:HGNC:537]","15:60639332-60690185"
"ENSG00000198535",18.668,0.279,0.075,3.736,0,0.012,"15","+",62359175,62363116,"C2CD4A","C2 calcium-dependent domain containing 4A [Source:HGNC Symbol;Acc:HGNC:33627]","15:62359175-62363116"
"ENSG00000166949",791.884,-0.315,0.042,-7.464,0,0,"15","+",67356100,67459176,"SMAD3","SMAD family member 3 [Source:HGNC Symbol;Acc:HGNC:6769]","15:67356100-67459176"
"ENSG00000140332",1172.482,0.231,0.041,5.609,0,0,"15","-",70340128,70390515,"TLE3","transducin like enhancer of split 3 [Source:HGNC Symbol;Acc:HGNC:11839]","15:70340128-70390515"
"ENSG00000259583",62.089,0.295,0.075,3.927,0,0.006,"15","-",101433944,101459488,"RP11-66B24.4","","15:101433944-101459488"
"ENSG00000127585",905.768,0.263,0.067,3.927,0,0.006,"16","-",742499,745532,"FBXL16","F-box and leucine-rich repeat protein 16 [Source:HGNC Symbol;Acc:HGNC:14150]","16:742499-745532"
"ENSG00000213853",7868.746,0.218,0.047,4.595,0,0,"16","-",10622278,10674555,"EMP2","epithelial membrane protein 2 [Source:HGNC Symbol;Acc:HGNC:3334]","16:10622278-10674555"
"ENSG00000256013",1250.038,0.23,0.053,4.321,0,0.001,"16","+",10623296,10625939,"RP11-27M24.1","","16:10623296-10625939"
"ENSG00000122299",1216.728,0.164,0.047,3.489,0,0.028,"16","-",11844441,11876408,"ZC3H7A","zinc finger CCCH-type containing 7A [Source:HGNC Symbol;Acc:HGNC:30959]","16:11844441-11876408"
"ENSG00000121274",370.937,0.214,0.052,4.088,0,0.004,"16","+",50186828,50265742,"PAPD5","PAP associated domain containing 5 [Source:HGNC Symbol;Acc:HGNC:30758]","16:50186828-50265742"
"ENSG00000167207",14.222,-0.272,0.074,-3.685,0,0.015,"16","+",50727513,50744862,"NOD2","nucleotide binding oligomerization domain containing 2 [Source:HGNC Symbol;Acc:HGNC:5331]","16:50727513-50744862"
"ENSG00000102931",606.848,0.285,0.053,5.374,0,0,"16","+",57279009,57287516,"ARL2BP","ADP ribosylation factor like GTPase 2 binding protein [Source:HGNC Symbol;Acc:HGNC:17146]","16:57279009-57287516"
"ENSG00000102934",132.932,0.545,0.065,8.369,0,0,"16","-",57290003,57318599,"PLLP","plasmolipin [Source:HGNC Symbol;Acc:HGNC:18553]","16:57290003-57318599"
"ENSG00000140832",824.604,0.224,0.049,4.559,0,0.001,"16","+",71660063,71663583,"MARVELD3","MARVEL domain containing 3 [Source:HGNC Symbol;Acc:HGNC:30525]","16:71660063-71663583"
"ENSG00000186187",2860.959,0.262,0.044,5.957,0,0,"16","+",75032927,75144892,"ZNRF1","zinc and ring finger 1, E3 ubiquitin protein ligase [Source:HGNC Symbol;Acc:HGNC:18452]","16:75032927-75144892"
"ENSG00000247033",238.883,0.248,0.063,3.914,0,0.007,"16","-",75142498,75144610,"RP11-252E2.1","","16:75142498-75144610"
"ENSG00000166446",527.262,0.261,0.061,4.272,0,0.002,"16","-",80631802,80838226,"CDYL2","chromodomain protein, Y-like 2 [Source:HGNC Symbol;Acc:HGNC:23030]","16:80631802-80838226"
"ENSG00000185924",525.929,0.3,0.052,5.736,0,0,"17","-",1837970,1928639,"RTN4RL1","reticulon 4 receptor-like 1 [Source:HGNC Symbol;Acc:HGNC:21329]","17:1837970-1928639"
"ENSG00000141258",1107.761,0.191,0.047,4.081,0,0.004,"17","+",2240791,2265451,"SGSM2","small G protein signaling modulator 2 [Source:HGNC Symbol;Acc:HGNC:29026]","17:2240791-2265451"
"ENSG00000263345",137.79,0.222,0.065,3.428,0.001,0.034,"17","-",2278354,2282600,"RP1-59D14.5","","17:2278354-2282600"
"ENSG00000132388",1031.707,0.163,0.046,3.554,0,0.023,"17","-",4172553,4269777,"UBE2G1","ubiquitin conjugating enzyme E2G 1 [Source:HGNC Symbol;Acc:HGNC:12482]","17:4172553-4269777"
"ENSG00000029725",1057.363,-0.156,0.038,-4.088,0,0.004,"17","+",5185557,5289129,"RABEP1","rabaptin, RAB GTPase binding effector protein 1 [Source:HGNC Symbol;Acc:HGNC:17677]","17:5185557-5289129"
"ENSG00000179094",352.153,1.002,0.073,13.77,0,0,"17","-",8043789,8055753,"PER1","period circadian clock 1 [Source:HGNC Symbol;Acc:HGNC:8845]","17:8043789-8055753"
"ENSG00000109099",672.016,-0.331,0.05,-6.616,0,0,"17","-",15133094,15165906,"PMP22","peripheral myelin protein 22 [Source:HGNC Symbol;Acc:HGNC:9118]","17:15133094-15165906"
"ENSG00000175662",2138.091,0.394,0.055,7.224,0,0,"17","-",17746827,17875724,"TOM1L2","target of myb1 like 2 membrane trafficking protein [Source:HGNC Symbol;Acc:HGNC:11984]","17:17746827-17875724"
"ENSG00000083290",394.564,0.207,0.051,4.024,0,0.005,"17","-",19674141,19677237,"ULK2","unc-51 like autophagy activating kinase 2 [Source:HGNC Symbol;Acc:HGNC:13480]","17:19674141-19677237"
"ENSG00000186395",203.995,0.248,0.063,3.941,0,0.006,"17","-",38974368,38978847,"KRT10","keratin 10, type I [Source:HGNC Symbol;Acc:HGNC:6413]","17:38974368-38978847"
"ENSG00000167183",613.886,0.669,0.049,13.553,0,0,"17","-",46029332,46035244,"PRR15L","proline rich 15-like [Source:HGNC Symbol;Acc:HGNC:28149]","17:46029332-46035244"
"ENSG00000167107",216.482,0.266,0.056,4.743,0,0,"17","+",48503518,48552031,"ACSF2","acyl-CoA synthetase family member 2 [Source:HGNC Symbol;Acc:HGNC:26101]","17:48503518-48552031"
"ENSG00000108395",12622.235,0.182,0.052,3.487,0,0.028,"17","-",57059998,57092978,"TRIM37","tripartite motif containing 37 [Source:HGNC Symbol;Acc:HGNC:7523]","17:57059998-57092978"
"ENSG00000224738",688.958,0.249,0.053,4.669,0,0,"17","+",57183958,57195628,"AC099850.1","","17:57183958-57195628"
"ENSG00000062716",9883.214,0.36,0.076,4.713,0,0,"17","+",57784552,57785037,"VMP1","vacuole membrane protein 1 [Source:HGNC Symbol;Acc:HGNC:29559]","17:57784552-57785037"
"ENSG00000232457",94.544,0.759,0.073,10.441,0,0,"17","+",62936719,62952520,"SLC16A6P1","SLC16A6 pseudogene 1 [Source:HGNC Symbol;Acc:HGNC:48932]","17:62936719-62952520"
"ENSG00000141337",465.344,0.32,0.055,5.86,0,0,"17","+",66255322,66418872,"ARSG","arylsulfatase G [Source:HGNC Symbol;Acc:HGNC:24102]","17:66255322-66418872"
"ENSG00000108932",1548.191,0.877,0.069,12.715,0,0,"17","-",66263166,66287257,"SLC16A6","solute carrier family 16 member 6 [Source:HGNC Symbol;Acc:HGNC:10927]","17:66263166-66287257"
"ENSG00000070540",708.355,0.277,0.053,5.235,0,0,"17","-",66417088,66423373,"WIPI1","WD repeat domain, phosphoinositide interacting 1 [Source:HGNC Symbol;Acc:HGNC:25471]","17:66417088-66423373"
"ENSG00000184557",84.825,-0.232,0.07,-3.306,0.001,0.049,"17","-",76352863,76356158,"SOCS3","suppressor of cytokine signaling 3 [Source:HGNC Symbol;Acc:HGNC:19391]","17:76352863-76356158"
"ENSG00000108669",397.823,0.175,0.05,3.528,0,0.025,"17","-",76670129,76713107,"CYTH1","cytohesin 1 [Source:HGNC Symbol;Acc:HGNC:9501]","17:76670129-76713107"
"ENSG00000141458",911.291,0.174,0.042,4.09,0,0.004,"18","-",21086147,21115586,"NPC1","Niemann-Pick disease, type C1 [Source:HGNC Symbol;Acc:HGNC:7897]","18:21086147-21115586"
"ENSG00000053747",234.057,0.382,0.068,5.649,0,0,"18","+",21269406,21535030,"LAMA3","laminin subunit alpha 3 [Source:HGNC Symbol;Acc:HGNC:6483]","18:21269406-21535030"
"ENSG00000141424",19242.424,0.116,0.034,3.463,0.001,0.03,"18","-",33688494,33709281,"SLC39A6","solute carrier family 39 (zinc transporter), member 6 [Source:HGNC Symbol;Acc:HGNC:18607]","18:33688494-33709281"
"ENSG00000134046",776.356,0.197,0.042,4.673,0,0,"18","-",51679078,51751158,"MBD2","methyl-CpG binding domain protein 2 [Source:HGNC Symbol;Acc:HGNC:6917]","18:51679078-51751158"
"ENSG00000101751",258.735,0.209,0.06,3.51,0,0.026,"18","+",51795773,51824602,"POLI","polymerase (DNA directed) iota [Source:HGNC Symbol;Acc:HGNC:9182]","18:51795773-51824602"
"ENSG00000166845",143.824,0.253,0.065,3.867,0,0.008,"18","+",51884286,51904804,"C18orf54","chromosome 18 open reading frame 54 [Source:HGNC Symbol;Acc:HGNC:13796]","18:51884286-51904804"
"ENSG00000049759",408.058,0.25,0.071,3.523,0,0.025,"18","+",55711598,56063806,"NEDD4L","neural precursor cell expressed, developmentally down-regulated 4-like, E3 ubiquitin protein ligase [Source:HGNC Symbol;Acc:HGNC:7728]","18:55711598-56063806"
"ENSG00000118707",744.253,-0.17,0.038,-4.524,0,0.001,"20","+",35201890,35222353,"TGIF2","TGFB-induced factor homeobox 2 [Source:HGNC Symbol;Acc:HGNC:15764]","20:35201890-35222353"
"ENSG00000204103",372.058,0.72,0.073,9.829,0,0,"20","-",39314487,39317880,"MAFB","v-maf avian musculoaponeurotic fibrosarcoma oncogene homolog B [Source:HGNC Symbol;Acc:HGNC:6408]","20:39314487-39317880"
"ENSG00000124191",71.168,0.253,0.073,3.47,0.001,0.029,"20","+",42543503,42697657,"TOX2","TOX high mobility group box family member 2 [Source:HGNC Symbol;Acc:HGNC:16095]","20:42543503-42697657"
"ENSG00000087510",3458.775,0.193,0.05,3.867,0,0.008,"20","+",55204357,55214339,"TFAP2C","transcription factor AP-2 gamma (activating enhancer binding protein 2 gamma) [Source:HGNC Symbol;Acc:HGNC:11744]","20:55204357-55214339"
"ENSG00000130701",157.277,-0.298,0.068,-4.36,0,0.001,"20","-",60985292,61002589,"RBBP8NL","RBBP8 N-terminal like [Source:HGNC Symbol;Acc:HGNC:16144]","20:60985292-61002589"
"ENSG00000149658",1994.908,0.158,0.036,4.369,0,0.001,"20","-",61826780,61847586,"YTHDF1","YTH N(6)-methyladenosine RNA binding protein 1 [Source:HGNC Symbol;Acc:HGNC:15867]","20:61826780-61847586"
"ENSG00000187266",83.786,0.338,0.071,4.764,0,0,"19","-",11488235,11494988,"EPOR","erythropoietin receptor [Source:HGNC Symbol;Acc:HGNC:3416]","19:11488235-11494988"
"ENSG00000131941",1046.252,0.219,0.051,4.322,0,0.001,"19","-",33469498,33518177,"RHPN2","rhophilin, Rho GTPase binding protein 2 [Source:HGNC Symbol;Acc:HGNC:19974]","19:33469498-33518177"
"ENSG00000128016",792.015,0.534,0.051,10.461,0,0,"19","+",39897452,39900052,"ZFP36","ZFP36 ring finger protein [Source:HGNC Symbol;Acc:HGNC:12862]","19:39897452-39900052"
"ENSG00000090924",837.263,0.307,0.054,5.726,0,0,"19","+",39903224,39916154,"PLEKHG2","pleckstrin homology and RhoGEF domain containing G2 [Source:HGNC Symbol;Acc:HGNC:29515]","19:39903224-39916154"
"ENSG00000086544",485.443,0.199,0.058,3.431,0.001,0.033,"19","+",41223007,41246765,"ITPKC","inositol-trisphosphate 3-kinase C [Source:HGNC Symbol;Acc:HGNC:14897]","19:41223007-41246765"
"ENSG00000170684",150.856,0.303,0.071,4.296,0,0.002,"19","-",45574757,45579846,"ZNF296","zinc finger protein 296 [Source:HGNC Symbol;Acc:HGNC:15981]","19:45574757-45579846"
"ENSG00000088002",641.935,0.222,0.056,3.935,0,0.006,"19","+",49055331,49102682,"SULT2B1","sulfotransferase family 2B member 1 [Source:HGNC Symbol;Acc:HGNC:11459]","19:49055331-49102682"
"ENSG00000183307",23.342,0.29,0.076,3.809,0,0.01,"22","-",17597188,17602257,"CECR6","cat eye syndrome chromosome region, candidate 6 [Source:HGNC Symbol;Acc:HGNC:1844]","22:17597188-17602257"
"ENSG00000100003",142.134,1.009,0.072,13.953,0,0,"22","+",30792845,30821305,"SEC14L2","SEC14-like lipid binding 2 [Source:HGNC Symbol;Acc:HGNC:10699]","22:30792845-30821305"
"ENSG00000241878",822.739,0.458,0.06,7.678,0,0,"22","-",32014476,32024207,"PISD","phosphatidylserine decarboxylase [Source:HGNC Symbol;Acc:HGNC:8999]","22:32014476-32024207"
"ENSG00000185022",78.032,0.445,0.075,5.932,0,0,"22","+",38597888,38612518,"MAFF","v-maf avian musculoaponeurotic fibrosarcoma oncogene homolog F [Source:HGNC Symbol;Acc:HGNC:6780]","22:38597888-38612518"
"ENSG00000196588",509.358,0.223,0.048,4.671,0,0,"22","-",40806284,41032689,"MKL1","megakaryoblastic leukemia (translocation) 1 [Source:HGNC Symbol;Acc:HGNC:14334]","22:40806284-41032689"
"ENSG00000159200",147.246,0.262,0.063,4.174,0,0.003,"21","-",35885439,35893881,"RCAN1","regulator of calcineurin 1 [Source:HGNC Symbol;Acc:HGNC:3040]","21:35885439-35893881"
"ENSG00000159216",976.673,0.239,0.056,4.271,0,0.002,"21","-",36160097,36260987,"RUNX1","runt-related transcription factor 1 [Source:HGNC Symbol;Acc:HGNC:10471]","21:36160097-36260987"
"ENSG00000183778",91.615,-0.264,0.077,-3.428,0.001,0.034,"21","+",40928368,41045064,"B3GALT5","Beta-1,3-galactosyltransferase 5 [Source:HGNC Symbol;Acc:HGNC:920]","21:40928368-41045064"
"ENSG00000142178",391.072,0.622,0.065,9.569,0,0,"21","-",44834394,44847008,"SIK1","salt inducible kinase 1 [Source:HGNC Symbol;Acc:HGNC:11142]","21:44834394-44847008"
